acc,para,N,d,d_head
0.0749267578125,21,50,10,1
0.1207568359375,21,50,10,3
0.18284179687500002,21,50,10,5
0.3447998046875,21,50,10,7
0.655517578125,21,50,10,10
