acc,para,N,d
0.056591796875,1,50,4
0.06734375,6,50,4
0.07166015625,11,50,4
0.07828125,16,50,4
0.0954296875,21,50,4
0.086220703125,26,50,4
