acc,para,N,d,d_head
0.214482421875,20,50,5,10
0.319169921875,20,50,6,10
0.433525390625,20,50,7,10
0.539677734375,20,50,8,10
0.625537109375,20,50,9,10
0.671240234375,20,50,10,10
0.737001953125,20,50,11,10
0.69955078125,20,50,12,10
0.79486328125,20,50,13,10
0.7590234375,20,50,14,10
0.786513671875,20,50,15,10
