acc,para,N,d,d_head
0.3422981770833333,1,10,2,5
0.7329134114583334,5,10,2,5
0.9715397135416667,9,10,2,5
1.0,13,10,2,5
1.0,17,10,2,5
1.0,21,10,2,5
