acc,para,N,d,d_head
0.1334130859375,1,50,10,10
0.331591796875,6,50,10,10
0.5069384765625,11,50,10,10
0.7481152343749999,16,50,10,10
0.7995458984375,21,50,10,10
