acc,para,N,d,d_head
0.03336328125,11,200,50,1
0.056868652343750006,11,200,50,5
0.0914716796875,11,200,50,10
0.13027734375,11,200,50,15
0.17528369140625003,11,200,50,20
0.22328466796875004,11,200,50,25
0.27471240234375,11,200,50,30
0.33007519531250007,11,200,50,35
0.38834960937499996,11,200,50,40
0.4453408203125001,11,200,50,45
0.56027978515625,11,200,50,50
