acc,para,N,d
0.1090625,1,50,12
0.31119140625,6,50,12
0.541728515625,11,50,12
0.926474609375,16,50,12
0.994140625,21,50,12
0.99984375,26,50,12
1.0,31,50,12
