acc,para,N,d,d_head,width
0.1312744140625,1,50,10,10,0
0.5800048828125,1,50,10,10,100
0.6767919921875001,1,50,10,10,200
0.7782568359375,1,50,10,10,300
0.652041015625,1,50,10,10,400
