acc,para,N,d,d_head
0.23698242187500002,20,50,5,10
0.306962890625,20,50,6,10
0.413876953125,20,50,7,10
0.5247607421875,20,50,8,10
0.6602539062499999,20,50,9,10
0.686904296875,20,50,10,10
0.726298828125,20,50,11,10
0.705576171875,20,50,12,10
0.7489501953125,20,50,13,10
0.773955078125,20,50,14,10
0.7511279296875,20,50,15,10
