acc,para,N,d,d_head
0.2202197265625,20,50,10,5
0.280224609375,20,50,10,6
0.367734375,20,50,10,7
0.46947265625,20,50,10,8
0.55154296875,20,50,10,9
0.671240234375,20,50,10,10
0.769296875,20,50,10,11
0.836484375,20,50,10,12
0.812890625,20,50,10,13
0.846923828125,20,50,10,14
0.88603515625,20,50,10,15
