acc,para,N,d
0.1151171875,1,50,13
0.363046875,6,50,13
0.674404296875,11,50,13
0.99099609375,16,50,13
1.0,21,50,13
1.0,26,50,13
1.0,31,50,13
