acc,para,N,d,d_head,width
0.08988281249999999,1,70,10,10,0
0.29147265624999996,1,70,10,10,80
0.39915234374999997,1,70,10,10,160
0.49337890624999997,1,70,10,10,240
0.5277617187500001,1,70,10,10,320
0.5696015625,1,70,10,10,400
