acc,para,N,d
0.0839501953125,1,50,7
0.125595703125,6,50,7
0.170322265625,11,50,7
0.228134765625,16,50,7
0.252529296875,21,50,7
0.293076171875,26,50,7
