acc,para,N,d,d_head
0.2639296875,20,50,5,10
0.36207031250000005,20,50,6,10
0.4599921875,20,50,7,10
0.5782421875,20,50,8,10
0.6972343750000001,20,50,9,10
0.8087421875,20,50,10,10
0.7768984375,20,50,11,10
0.789015625,20,50,12,10
0.7855000000000001,20,50,13,10
0.8117656249999999,20,50,14,10
0.8135859374999999,20,50,15,10
