acc,para,N,d,d_head,width
0.1578076171875,1,50,13,13,520
0.5571337890625,6,50,13,13,520
0.8001562499999999,11,50,13,13,520
0.9807763671875,16,50,13,13,520
0.987265625,21,50,13,13,520
