acc,para,N,d,d_head
0.0705078125,20,50,10,1
0.09068847656250001,20,50,10,2
0.116318359375,20,50,10,3
0.162958984375,20,50,10,4
0.2158154296875,20,50,10,5
0.28181152343750004,20,50,10,6
0.381904296875,20,50,10,7
0.4569091796875,20,50,10,8
0.585205078125,20,50,10,9
0.6653076171875001,20,50,10,10
