acc,para,N,d
0.091220703125,1,50,9
0.183798828125,6,50,9
0.270439453125,11,50,9
0.37478515625,16,50,9
0.522255859375,21,50,9
0.66833984375,26,50,9
