acc,para,N,d
0.0710791015625,1,50,6
0.108974609375,6,50,6
0.139619140625,11,50,6
0.164453125,16,50,6
0.17939453125,21,50,6
0.226201171875,26,50,6
