acc,para,N,d,d_head
0.2233935546875,5,50,10,10
0.322568359375,9,50,10,10
0.4792578125,13,50,10,10
0.660458984375,17,50,10,10
0.885859375,21,50,10,10
