acc,para,N,d
0.0806298828125,1,50,8
0.152998046875,6,50,8
0.215361328125,11,50,8
0.2979296875,16,50,8
0.3658203125,21,50,8
0.42087890625,26,50,8
