acc,para,N,d,d_head
0.22538736979166665,5,50,10,12
0.3431640624999999,9,50,10,12
0.48596679687499994,13,50,10,12
0.6714160156250001,17,50,10,12
0.91107421875,21,50,10,12
