acc,para,N,d
0.09995605468749999,1,50,11
0.26529296875,6,50,11
0.437490234375,11,50,11
0.67029296875,16,50,11
0.933369140625,21,50,11
0.9940625,26,50,11
0.999921875,31,50,11
