acc,para,N,d,d_head
0.1122607421875,5,50,10,5
0.11521484375,9,50,10,5
0.137333984375,13,50,10,5
0.143486328125,17,50,10,5
0.1580078125,21,50,10,5
