acc,para,N,d,d_head
0.148056640625,5,50,10,8
0.21607421875,9,50,10,8
0.249453125,13,50,10,8
0.292294921875,17,50,10,8
0.35259765625,21,50,10,8
