acc,para,N,d
0.047246093749999996,1,50,3
0.053564453125,6,50,3
0.05640625,11,50,3
0.055,16,50,3
0.05568359375,21,50,3
0.058427734375,26,50,3
