acc,para,N,d,d_head
0.08322591145833334,5,50,10,3
0.079970703125,9,50,10,3
0.09078125,13,50,10,3
0.08677734375,17,50,10,3
0.0773046875,21,50,10,3
