acc,para,N,d
0.098037109375,1,50,10
0.2331640625,6,50,10
0.35029296875,11,50,10
0.502841796875,16,50,10
0.7071875,21,50,10
0.80501953125,26,50,10
