acc,para,N,d,d_head
0.243935546875,5,50,10,15
0.3707031250000001,9,50,10,15
0.5476171875,13,50,10,15
0.777763671875,17,50,10,15
0.977109375,21,50,10,15
