acc,para,N,d,d_head
0.2447607421875,5,50,10,12
0.398916015625,9,50,10,12
0.599970703125,13,50,10,12
0.854921875,17,50,10,12
0.999765625,21,50,10,12
