acc,para,N,d,d_head
0.24763671874999998,5,50,10,13
0.403466796875,9,50,10,13
0.610576171875,13,50,10,13
0.867080078125,17,50,10,13
1.0,21,50,10,13
