acc,para,N,d,d_head
0.24509277343750002,5,50,10,11
0.399453125,9,50,10,11
0.5528125,13,50,10,11
0.837421875,17,50,10,11
0.9783203125,21,50,10,11
