acc,para,N,d
0.06423828125,1,50,5
0.087568359375,6,50,5
0.10880859375,11,50,5
0.102939453125,16,50,5
0.1367578125,21,50,5
0.147255859375,26,50,5
