acc,para,N,d,d_head
0.1128076171875,5,50,10,6
0.13626953125,9,50,10,6
0.155595703125,13,50,10,6
0.177861328125,17,50,10,6
0.208271484375,21,50,10,6
