acc,para,N,d,d_head
0.09005859375,5,50,10,4
0.102783203125,9,50,10,4
0.10669921875,13,50,10,4
0.0998046875,17,50,10,4
0.116142578125,21,50,10,4
