acc,para,N,d,d_head
0.20211914062500003,5,50,10,10
0.28328125,9,50,10,10
0.398125,13,50,10,10
0.528076171875,17,50,10,10
0.639375,21,50,10,10
