acc,para,N,d,d_head
0.133916015625,5,50,10,7
0.1628125,9,50,10,7
0.206318359375,13,50,10,7
0.23423828125,17,50,10,7
0.27953125,21,50,10,7
